x_value,total_1,total_2
0,1000,1000
1,1002,995
2,998,1000
3,1003,1005
4,1006,1001
5,1001,997
6,997,997
7,998,992
8,995,990
9,994,987
10,993,989
11,991,993
12,986,993
13,990,998
14,993,993
15,989,996
16,995,995
17,994,992
18,995,994
19,993,999
20,999,998
21,1005,997
22,1006,1003
23,1011,1005
24,1017,1005
25,1019,1010
26,1014,1012
27,1017,1018
28,1024,1024
29,1029,1024
30,1033,1029
31,1027,1032
32,1022,1037
33,1018,1038
34,1015,1036
35,1019,1037
36,1021,1037
37,1028,1035
38,1031,1035
39,1037,1041
40,1031,1036
41,1028,1038
42,1029,1036
43,1026,1042
44,1029,1046
45,1025,1041
46,1024,1038
47,1019,1042
48,1023,1039
49,1025,1037
50,1032,1032
51,1036,1028
52,1042,1032
53,1041,1029
54,1046,1030
55,1040,1034
56,1036,1035
57,1033,1030
58,1034,1034
59,1029,1038
60,1037,1043
61,1035,1049
62,1035,1047
63,1031,1049
64,1027,1047
65,1028,1047
66,1031,1046
67,1026,1048
68,1030,1054
69,1027,1054
70,1027,1060
71,1024,1055
72,1023,1050
73,1030,1046
74,1030,1047
75,1025,1047
76,1033,1049
77,1030,1047
78,1031,1049
79,1028,1044
80,1026,1042
81,1026,1042
82,1025,1048
83,1027,1050
84,1030,1055
85,1035,1060
86,1032,1064
87,1029,1061
88,1031,1059
89,1039,1055
90,1045,1060
91,1047,1062
92,1052,1062
93,1056,1057
94,1057,1056
95,1051,1055
96,1054,1060
97,1054,1057
98,1055,1055
99,1061,1055
100,1066,1055
101,1067,1051
102,1075,1053
103,1072,1050
104,1072,1045
105,1075,1050
106,1081,1049
107,1078,1055
108,1081,1050
109,1078,1046
110,1074,1043
111,1075,1045
112,1072,1049
113,1075,1054
114,1083,1059
115,1089,1059
116,1095,1055
117,1101,1058
118,1099,1064
119,1103,1063
120,1106,1061
121,1106,1058
122,1106,1054
123,1101,1056
